{
 "nodes": {
  "node-red": {
   "name": "node-red",
   "version": "0.14.6-git",
   "nodes": {
    "sentiment": {
     "name": "sentiment",
     "types": [
      "sentiment"
     ],
     "enabled": true,
     "module": "node-red",
     "file": "/root/node-red/nodes/core/analysis/72-sentiment.js"
    },
    "inject": {
     "name": "inject",
     "types": [
      "inject"
     ],
     "enabled": true,
     "module": "node-red",
     "file": "/root/node-red/nodes/core/core/20-inject.js"
    },
    "catch": {
     "name": "catch",
     "types": [
      "catch"
     ],
     "enabled": true,
     "module": "node-red",
     "file": "/root/node-red/nodes/core/core/25-catch.js"
    },
    "status": {
     "name": "status",
     "types": [
      "status"
     ],
     "enabled": true,
     "module": "node-red",
     "file": "/root/node-red/nodes/core/core/25-status.js"
    },
    "debug": {
     "name": "debug",
     "types": [
      "debug"
     ],
     "enabled": true,
     "module": "node-red",
     "file": "/root/node-red/nodes/core/core/58-debug.js"
    },
    "link": {
     "name": "link",
     "types": [
      "link in",
      "link out"
     ],
     "enabled": true,
     "module": "node-red",
     "file": "/root/node-red/nodes/core/core/60-link.js"
    },
    "exec": {
     "name": "exec",
     "types": [
      "exec"
     ],
     "enabled": true,
     "module": "node-red",
     "file": "/root/node-red/nodes/core/core/75-exec.js"
    },
    "function": {
     "name": "function",
     "types": [
      "function"
     ],
     "enabled": true,
     "module": "node-red",
     "file": "/root/node-red/nodes/core/core/80-function.js"
    },
    "template": {
     "name": "template",
     "types": [
      "template"
     ],
     "enabled": true,
     "module": "node-red",
     "file": "/root/node-red/nodes/core/core/80-template.js"
    },
    "delay": {
     "name": "delay",
     "types": [
      "delay"
     ],
     "enabled": true,
     "module": "node-red",
     "file": "/root/node-red/nodes/core/core/89-delay.js"
    },
    "trigger": {
     "name": "trigger",
     "types": [
      "trigger"
     ],
     "enabled": true,
     "module": "node-red",
     "file": "/root/node-red/nodes/core/core/89-trigger.js"
    },
    "comment": {
     "name": "comment",
     "types": [
      "comment"
     ],
     "enabled": true,
     "module": "node-red",
     "file": "/root/node-red/nodes/core/core/90-comment.js"
    },
    "unknown": {
     "name": "unknown",
     "types": [
      "unknown"
     ],
     "enabled": true,
     "module": "node-red",
     "file": "/root/node-red/nodes/core/core/98-unknown.js"
    },
    "rpi-gpio": {
     "name": "rpi-gpio",
     "types": [
      "rpi-gpio in",
      "rpi-gpio out",
      "rpi-mouse",
      "rpi-keyboard"
     ],
     "enabled": true,
     "module": "node-red",
     "file": "/root/node-red/nodes/core/hardware/36-rpi-gpio.js"
    },
    "tls": {
     "name": "tls",
     "types": [
      "tls-config"
     ],
     "enabled": true,
     "module": "node-red",
     "file": "/root/node-red/nodes/core/io/05-tls.js"
    },
    "mqtt": {
     "name": "mqtt",
     "types": [
      "mqtt in",
      "mqtt out",
      "mqtt-broker"
     ],
     "enabled": true,
     "module": "node-red",
     "file": "/root/node-red/nodes/core/io/10-mqtt.js"
    },
    "httpin": {
     "name": "httpin",
     "types": [
      "http in",
      "http response"
     ],
     "enabled": true,
     "module": "node-red",
     "file": "/root/node-red/nodes/core/io/21-httpin.js"
    },
    "httprequest": {
     "name": "httprequest",
     "types": [
      "http request"
     ],
     "enabled": true,
     "module": "node-red",
     "file": "/root/node-red/nodes/core/io/21-httprequest.js"
    },
    "websocket": {
     "name": "websocket",
     "types": [
      "websocket in",
      "websocket out",
      "websocket-listener",
      "websocket-client"
     ],
     "enabled": true,
     "module": "node-red",
     "file": "/root/node-red/nodes/core/io/22-websocket.js"
    },
    "watch": {
     "name": "watch",
     "types": [
      "watch"
     ],
     "enabled": true,
     "module": "node-red",
     "file": "/root/node-red/nodes/core/io/23-watch.js"
    },
    "tcpin": {
     "name": "tcpin",
     "types": [
      "tcp in",
      "tcp out",
      "tcp request"
     ],
     "enabled": true,
     "module": "node-red",
     "file": "/root/node-red/nodes/core/io/31-tcpin.js"
    },
    "udp": {
     "name": "udp",
     "types": [
      "udp in",
      "udp out"
     ],
     "enabled": true,
     "module": "node-red",
     "file": "/root/node-red/nodes/core/io/32-udp.js"
    },
    "switch": {
     "name": "switch",
     "types": [
      "switch"
     ],
     "enabled": true,
     "module": "node-red",
     "file": "/root/node-red/nodes/core/logic/10-switch.js"
    },
    "change": {
     "name": "change",
     "types": [
      "change"
     ],
     "enabled": true,
     "module": "node-red",
     "file": "/root/node-red/nodes/core/logic/15-change.js"
    },
    "range": {
     "name": "range",
     "types": [
      "range"
     ],
     "enabled": true,
     "module": "node-red",
     "file": "/root/node-red/nodes/core/logic/16-range.js"
    },
    "split": {
     "name": "split",
     "types": [
      "split",
      "join"
     ],
     "enabled": true,
     "module": "node-red",
     "file": "/root/node-red/nodes/core/logic/17-split.js"
    },
    "CSV": {
     "name": "CSV",
     "types": [
      "csv"
     ],
     "enabled": true,
     "module": "node-red",
     "file": "/root/node-red/nodes/core/parsers/70-CSV.js"
    },
    "HTML": {
     "name": "HTML",
     "types": [
      "html"
     ],
     "enabled": true,
     "module": "node-red",
     "file": "/root/node-red/nodes/core/parsers/70-HTML.js"
    },
    "JSON": {
     "name": "JSON",
     "types": [
      "json"
     ],
     "enabled": true,
     "module": "node-red",
     "file": "/root/node-red/nodes/core/parsers/70-JSON.js"
    },
    "XML": {
     "name": "XML",
     "types": [
      "xml"
     ],
     "enabled": true,
     "module": "node-red",
     "file": "/root/node-red/nodes/core/parsers/70-XML.js"
    },
    "tail": {
     "name": "tail",
     "types": [
      "tail"
     ],
     "enabled": true,
     "module": "node-red",
     "file": "/root/node-red/nodes/core/storage/28-tail.js"
    },
    "file": {
     "name": "file",
     "types": [
      "file",
      "file in"
     ],
     "enabled": true,
     "module": "node-red",
     "file": "/root/node-red/nodes/core/storage/50-file.js"
    },
    "button-info": {
     "name": "button-info",
     "types": [],
     "enabled": true,
     "module": "node-red",
     "file": "/root/roomcast.nodes/10-button-info.js"
    },
    "button-publish": {
     "name": "button-publish",
     "types": [
      "publish"
     ],
     "enabled": true,
     "module": "node-red",
     "file": "/root/roomcast.nodes/10-button-publish.js"
    },
    "users": {
     "name": "users",
     "types": [
      "users"
     ],
     "enabled": true,
     "module": "node-red",
     "file": "/root/roomcast.nodes/10-users.js"
    },
    "above": {
     "name": "above",
     "types": [
      "above"
     ],
     "enabled": true,
     "module": "node-red",
     "file": "/root/roomcast.nodes/99-above.js"
    },
    "adjacent": {
     "name": "adjacent",
     "types": [
      "adjacent"
     ],
     "enabled": true,
     "module": "node-red",
     "file": "/root/roomcast.nodes/99-adjacent.js"
    },
    "below": {
     "name": "below",
     "types": [
      "below"
     ],
     "enabled": true,
     "module": "node-red",
     "file": "/root/roomcast.nodes/99-below.js"
    },
    "createmessage": {
     "name": "createmessage",
     "types": [
      "create message"
     ],
     "enabled": true,
     "module": "node-red",
     "file": "/root/roomcast.nodes/99-createmessage.js"
    },
    "createthread": {
     "name": "createthread",
     "types": [
      "create thread"
     ],
     "enabled": true,
     "module": "node-red",
     "file": "/root/roomcast.nodes/99-createthread.js"
    },
    "display": {
     "name": "display",
     "types": [
      "display"
     ],
     "enabled": true,
     "module": "node-red",
     "file": "/root/roomcast.nodes/99-display.js"
    },
    "getmessages": {
     "name": "getmessages",
     "types": [
      "get messages"
     ],
     "enabled": true,
     "module": "node-red",
     "file": "/root/roomcast.nodes/99-getmessages.js"
    },
    "tfl-countdown-tojson": {
     "name": "tfl-countdown-tojson",
     "types": [
      "tfl countdown to json"
     ],
     "enabled": true,
     "module": "node-red",
     "file": "/root/roomcast.nodes/99-tfl-countdown-tojson.js"
    }
   }
  },
  "node-red-node-email": {
   "name": "node-red-node-email",
   "version": "0.1.10",
   "nodes": {
    "email": {
     "name": "email",
     "types": [
      "e-mail",
      "e-mail in"
     ],
     "enabled": true,
     "module": "node-red-node-email",
     "file": "/root/node-red/node_modules/node-red-node-email/61-email.js"
    }
   }
  },
  "node-red-node-feedparser": {
   "name": "node-red-node-feedparser",
   "version": "0.1.5",
   "nodes": {
    "feedparse": {
     "name": "feedparse",
     "types": [
      "feedparse"
     ],
     "enabled": true,
     "module": "node-red-node-feedparser",
     "file": "/root/node-red/node_modules/node-red-node-feedparser/32-feedparse.js"
    }
   }
  },
  "node-red-node-mongodb": {
   "name": "node-red-node-mongodb",
   "version": "0.0.5",
   "nodes": {
    "mongo": {
     "name": "mongo",
     "types": [
      "mongodb",
      "mongodb out",
      "mongodb in"
     ],
     "enabled": true,
     "module": "node-red-node-mongodb",
     "file": "/root/node-red/node_modules/node-red-node-mongodb/66-mongodb.js"
    }
   }
  },
  "node-red-node-rbe": {
   "name": "node-red-node-rbe",
   "version": "0.1.5",
   "nodes": {
    "rbe": {
     "name": "rbe",
     "types": [
      "rbe"
     ],
     "enabled": true,
     "module": "node-red-node-rbe",
     "file": "/root/node-red/node_modules/node-red-node-rbe/rbe.js"
    }
   }
  },
  "node-red-node-serialport": {
   "name": "node-red-node-serialport",
   "version": "0.2.1",
   "nodes": {
    "serialport": {
     "name": "serialport",
     "types": [
      "serial in",
      "serial out",
      "serial-port"
     ],
     "enabled": true,
     "module": "node-red-node-serialport",
     "file": "/root/node-red/node_modules/node-red-node-serialport/25-serial.js"
    }
   }
  },
  "node-red-node-twitter": {
   "name": "node-red-node-twitter",
   "version": "0.1.6",
   "nodes": {
    "twitter": {
     "name": "twitter",
     "types": [
      "twitter-credentials",
      "twitter in",
      "twitter out"
     ],
     "enabled": true,
     "module": "node-red-node-twitter",
     "file": "/root/node-red/node_modules/node-red-node-twitter/27-twitter.js"
    }
   }
  }
 }
}